<code_scheme name="Default" version="173">
  <JSCodeStyleSettings version="0">
    <option name="SPACE_BEFORE_FUNCTION_LEFT_PARENTH" value="false" />
  </JSCodeStyleSettings>
  <TypeScriptCodeStyleSettings version="0">
    <option name="SPACE_BEFORE_FUNCTION_LEFT_PARENTH" value="false" />
    <option name="SPACES_WITHIN_OBJECT_LITERAL_BRACES" value="true" />
    <option name="SPACES_WITHIN_IMPORTS" value="true" />
    <option name="SPACES_WITHIN_INTERPOLATION_EXPRESSIONS" value="true" />
  </TypeScriptCodeStyleSettings>
  <codeStyleSettings language="JSON">
    <indentOptions>
      <option name="INDENT_SIZE" value="4" />
    </indentOptions>
  </codeStyleSettings>
  <codeStyleSettings language="TypeScript">
    <option name="SPACE_WITHIN_BRACKETS" value="true" />
    <indentOptions>
      <option name="INDENT_SIZE" value="2" />
      <option name="CONTINUATION_INDENT_SIZE" value="2" />
      <option name="TAB_SIZE" value="2" />
    </indentOptions>
  </codeStyleSettings>
</code_scheme>