<keymap version="1" name="macOS copy" parent="Mac OS X 10.5+">
  <action id="ActivateBigDataToolWindowToolWindow">
    <keyboard-shortcut first-keystroke="shift ctrl meta b" />
  </action>
  <action id="ActivateDebugToolWindow">
    <keyboard-shortcut first-keystroke="meta 7" />
  </action>
  <action id="ActivateFindToolWindow" />
  <action id="ActivatePullRequestsToolWindow">
    <keyboard-shortcut first-keystroke="meta 4" />
  </action>
  <action id="ActivateRunToolWindow">
    <keyboard-shortcut first-keystroke="meta 5" />
  </action>
  <action id="ActivateStructureToolWindow" />
  <action id="ActivateTerminalToolWindow">
    <keyboard-shortcut first-keystroke="meta 3" />
  </action>
  <action id="Android.Designer.AutoArrange" />
  <action id="ChangesView.GroupBy.Module" />
  <action id="ChangesView.Move" />
  <action id="ChangesView.Rename">
    <keyboard-shortcut first-keystroke="f2" />
  </action>
  <action id="ChangesView.Revert">
    <keyboard-shortcut first-keystroke="meta g" second-keystroke="r" />
  </action>
  <action id="ChangesView.ToggleCommitUi" />
  <action id="CheckinProject">
    <keyboard-shortcut first-keystroke="meta g" second-keystroke="c" />
  </action>
  <action id="ChooseDebugConfiguration" />
  <action id="ChooseRunConfiguration">
    <keyboard-shortcut first-keystroke="meta l" second-keystroke="r" />
  </action>
  <action id="CloseAllEditors">
    <keyboard-shortcut first-keystroke="meta k" second-keystroke="shift w" />
  </action>
  <action id="CloseAllEditorsButActive">
    <keyboard-shortcut first-keystroke="meta k" second-keystroke="w" />
  </action>
  <action id="CloseAllNotifications">
    <keyboard-shortcut first-keystroke="meta k" second-keystroke="n" />
  </action>
  <action id="CommitView.SwitchToCommitDialog">
    <keyboard-shortcut first-keystroke="ctrl g" second-keystroke="shift c" />
  </action>
  <action id="CompareTwoFiles" />
  <action id="Debug">
    <keyboard-shortcut first-keystroke="meta l" second-keystroke="d" />
  </action>
  <action id="DebugClass">
    <keyboard-shortcut first-keystroke="shift ctrl d" />
    <keyboard-shortcut first-keystroke="meta l" second-keystroke="shift d" />
  </action>
  <action id="Diff.ShowDiff" />
  <action id="Diff.ShowSettingsPopup" />
  <action id="Diff.ShowStandaloneDiff">
    <keyboard-shortcut first-keystroke="meta d" second-keystroke="e" />
    <keyboard-shortcut first-keystroke="meta k" second-keystroke="shift e" />
  </action>
  <action id="EditorCutLineEnd" />
  <action id="EditorDown">
    <keyboard-shortcut first-keystroke="down" />
    <keyboard-shortcut first-keystroke="ctrl j" />
  </action>
  <action id="EditorDuplicate" />
  <action id="EditorEscape">
    <keyboard-shortcut first-keystroke="ctrl c" />
    <keyboard-shortcut first-keystroke="escape" />
  </action>
  <action id="EditorLeft">
    <keyboard-shortcut first-keystroke="ctrl h" />
    <keyboard-shortcut first-keystroke="left" />
  </action>
  <action id="EditorMatchBrace" />
  <action id="EditorRight">
    <keyboard-shortcut first-keystroke="right" />
    <keyboard-shortcut first-keystroke="ctrl l" />
  </action>
  <action id="EditorScrollToCenter" />
  <action id="EditorToggleUseSoftWraps">
    <keyboard-shortcut first-keystroke="meta k" second-keystroke="s" />
  </action>
  <action id="EditorUp">
    <keyboard-shortcut first-keystroke="up" />
    <keyboard-shortcut first-keystroke="ctrl k" />
  </action>
  <action id="EvaluateExpression">
    <keyboard-shortcut first-keystroke="f12" />
  </action>
  <action id="ExportToTextFile" />
  <action id="FileChooser.GotoDesktop" />
  <action id="FileChooser.GotoModule" />
  <action id="FindNext" />
  <action id="FocusEditor">
    <keyboard-shortcut first-keystroke="ctrl 0" />
  </action>
  <action id="Generate.Missing.Members.ES6" />
  <action id="Generate.Missing.Members.TypeScript" />
  <action id="Git.Add" />
  <action id="Git.Branches">
    <keyboard-shortcut first-keystroke="meta g" second-keystroke="b" />
  </action>
  <action id="Git.Commit.Stage" />
  <action id="Git.Fetch">
    <keyboard-shortcut first-keystroke="meta g" second-keystroke="f" />
  </action>
  <action id="Git.Pull">
    <keyboard-shortcut first-keystroke="meta g" second-keystroke="p" />
  </action>
  <action id="Git.Rename.Local.Branch">
    <keyboard-shortcut first-keystroke="f2" />
  </action>
  <action id="Git.Reword.Commit">
    <keyboard-shortcut first-keystroke="f2" />
  </action>
  <action id="Git.Stash">
    <keyboard-shortcut first-keystroke="meta g" second-keystroke="s" />
  </action>
  <action id="Git.Unstash">
    <keyboard-shortcut first-keystroke="meta g" second-keystroke="shift s" />
  </action>
  <action id="GotoBookmark0" />
  <action id="GotoDeclaration">
    <mouse-shortcut keystroke="meta button1" />
    <keyboard-shortcut first-keystroke="ctrl g" second-keystroke="r" />
  </action>
  <action id="GotoImplementation">
    <keyboard-shortcut first-keystroke="ctrl g" second-keystroke="d" />
  </action>
  <action id="GotoLine" />
  <action id="GotoNextError">
    <keyboard-shortcut first-keystroke="f2" />
    <keyboard-shortcut first-keystroke="ctrl g" second-keystroke="ctrl g" />
  </action>
  <action id="GotoRow" />
  <action id="GotoSuperMethod">
    <keyboard-shortcut first-keystroke="ctrl g" second-keystroke="s" />
  </action>
  <action id="GotoTypeDeclaration">
    <keyboard-shortcut first-keystroke="ctrl g" second-keystroke="t" />
  </action>
  <action id="GuiDesigner.Duplicate" />
  <action id="GuiDesigner.QuickJavadoc">
    <keyboard-shortcut first-keystroke="f1" />
    <mouse-shortcut keystroke="control button2" />
  </action>
  <action id="HideActiveWindow">
    <keyboard-shortcut first-keystroke="ctrl q" />
    <keyboard-shortcut first-keystroke="ctrl c" />
  </action>
  <action id="ImplementMethods" />
  <action id="JumpToLastWindow" />
  <action id="List-selectNextColumn">
    <keyboard-shortcut first-keystroke="right" />
  </action>
  <action id="List-selectNextRow">
    <keyboard-shortcut first-keystroke="down" />
  </action>
  <action id="List-selectPreviousColumn">
    <keyboard-shortcut first-keystroke="left" />
  </action>
  <action id="List-selectPreviousRow">
    <keyboard-shortcut first-keystroke="up" />
  </action>
  <action id="Maven.ExecuteGoal">
    <keyboard-shortcut first-keystroke="shift meta m" />
  </action>
  <action id="MethodHierarchy.ImplementMethodAction" />
  <action id="NavBar-selectDown">
    <keyboard-shortcut first-keystroke="down" />
  </action>
  <action id="NavBar-selectLeft">
    <keyboard-shortcut first-keystroke="left" />
    <keyboard-shortcut first-keystroke="ctrl o" />
  </action>
  <action id="NavBar-selectRight">
    <keyboard-shortcut first-keystroke="right" />
    <keyboard-shortcut first-keystroke="ctrl i" />
  </action>
  <action id="NavBar-selectUp">
    <keyboard-shortcut first-keystroke="up" />
  </action>
  <action id="OverrideMethods" />
  <action id="PopupMenu-selectChild">
    <keyboard-shortcut first-keystroke="right" />
  </action>
  <action id="PopupMenu-selectNext">
    <keyboard-shortcut first-keystroke="down" />
  </action>
  <action id="PopupMenu-selectParent">
    <keyboard-shortcut first-keystroke="left" />
  </action>
  <action id="PopupMenu-selectPrevious">
    <keyboard-shortcut first-keystroke="up" />
  </action>
  <action id="QuickEvaluateExpression">
    <keyboard-shortcut first-keystroke="shift f12" />
  </action>
  <action id="QuickJavaDoc">
    <keyboard-shortcut first-keystroke="f1" />
    <mouse-shortcut keystroke="control button2" />
  </action>
  <action id="ReformatCode">
    <keyboard-shortcut first-keystroke="meta k" second-keystroke="d" />
  </action>
  <action id="ReopenClosedTab">
    <keyboard-shortcut first-keystroke="meta k" second-keystroke="t" />
  </action>
  <action id="RestoreDefaultLayout" />
  <action id="RunDashboard.CopyConfiguration" />
  <action id="RunDashboard.Debug" />
  <action id="SegmentedButton-left">
    <keyboard-shortcut first-keystroke="left" />
  </action>
  <action id="SegmentedButton-right">
    <keyboard-shortcut first-keystroke="right" />
  </action>
  <action id="SelectNextOccurrence" />
  <action id="SendEOF" />
  <action id="ShelvedChanges.Rename">
    <keyboard-shortcut first-keystroke="f2" />
  </action>
  <action id="ShowNavBar">
    <keyboard-shortcut first-keystroke="meta up" />
    <keyboard-shortcut first-keystroke="ctrl g" second-keystroke="n" />
  </action>
  <action id="ShowPopupMenu">
    <keyboard-shortcut first-keystroke="ctrl back_slash" />
  </action>
  <action id="ShowReformatFileDialog">
    <keyboard-shortcut first-keystroke="meta k" second-keystroke="meta d" />
  </action>
  <action id="Stop">
    <keyboard-shortcut first-keystroke="meta l" second-keystroke="s" />
  </action>
  <action id="StopBackgroundProcesses">
    <keyboard-shortcut first-keystroke="meta l" second-keystroke="shift s" />
  </action>
  <action id="TFFmtFileAction" />
  <action id="Table-selectNextColumn">
    <keyboard-shortcut first-keystroke="right" />
  </action>
  <action id="Table-selectNextRow">
    <keyboard-shortcut first-keystroke="down" />
  </action>
  <action id="Table-selectPreviousColumn">
    <keyboard-shortcut first-keystroke="left" />
  </action>
  <action id="Table-selectPreviousRow">
    <keyboard-shortcut first-keystroke="up" />
  </action>
  <action id="Terminal.ClearBuffer" />
  <action id="TodoViewGroupByShowModules" />
  <action id="ToggleLineBreakpoint">
    <keyboard-shortcut first-keystroke="meta f8" />
    <keyboard-shortcut first-keystroke="meta k" second-keystroke="b" />
  </action>
  <action id="Tree-selectChild">
    <keyboard-shortcut first-keystroke="right" />
  </action>
  <action id="Tree-selectNext">
    <keyboard-shortcut first-keystroke="down" />
  </action>
  <action id="Tree-selectParent">
    <keyboard-shortcut first-keystroke="left" />
  </action>
  <action id="Tree-selectPrevious">
    <keyboard-shortcut first-keystroke="up" />
  </action>
  <action id="TypeHierarchy" />
  <action id="TypeHierarchyBase.BaseOnThisType" />
  <action id="UsageFiltering.Imports" />
  <action id="UsageGrouping.DirectoryStructure" />
  <action id="UsageGrouping.FlattenModules" />
  <action id="UsageGrouping.Module" />
  <action id="UsageView.Rerun">
    <keyboard-shortcut first-keystroke="meta d" second-keystroke="r" />
  </action>
  <action id="Vcs.Diff.ShowDiffInEditorTab">
    <keyboard-shortcut first-keystroke="meta d" second-keystroke="shift e" />
    <keyboard-shortcut first-keystroke="meta k" second-keystroke="e" />
  </action>
  <action id="Vcs.Log.FocusTextFilter" />
  <action id="Vcs.Log.ShowOtherBranches">
    <keyboard-shortcut first-keystroke="ctrl g" second-keystroke="shift b" />
  </action>
  <action id="Vcs.Log.ShowTooltip">
    <keyboard-shortcut first-keystroke="f1" />
    <mouse-shortcut keystroke="control button2" />
  </action>
  <action id="Vcs.MoveChangedLinesToChangelist" />
  <action id="Vcs.Push">
    <keyboard-shortcut first-keystroke="meta g" second-keystroke="shift p" />
  </action>
  <action id="Vcs.Push.Force">
    <keyboard-shortcut first-keystroke="meta g" second-keystroke="shift f" />
  </action>
  <action id="Vcs.ShowHistoryForBlock">
    <keyboard-shortcut first-keystroke="meta g" second-keystroke="shift h" />
  </action>
  <action id="Vcs.ShowMessageHistory" />
  <action id="Vcs.ShowTabbedFileHistory">
    <keyboard-shortcut first-keystroke="meta g" second-keystroke="h" />
  </action>
  <action id="Vcs.ToggleAmendCommitMode">
    <keyboard-shortcut first-keystroke="meta g" second-keystroke="shift c" />
  </action>
  <action id="Vcs.UpdateProject">
    <keyboard-shortcut first-keystroke="meta g" second-keystroke="u" />
  </action>
  <action id="VcsShowNextChangeMarker">
    <keyboard-shortcut first-keystroke="ctrl k" />
  </action>
  <action id="VcsShowPrevChangeMarker">
    <keyboard-shortcut first-keystroke="ctrl j" />
  </action>
  <action id="XDebugger.CopyWatch" />
  <action id="copilot.disposeInlays" />
  <action id="openAssertEqualsDiff" />
</keymap>